<?xml version="1.0" encoding="UTF-8"?>
<project-private xmlns="http://www.netbeans.org/ns/project-private/1">
    <editor-bookmarks xmlns="http://www.netbeans.org/ns/editor-bookmarks/2" lastBookmarkId="0"/>
    <open-files xmlns="http://www.netbeans.org/ns/projectui-open-files/2">
        <group>
            <file>file:/Users/vincent/NetBeansProjects/Asynchronous_Activity_2/src/Act2/Warehouse.java</file>
            <file>file:/Users/vincent/NetBeansProjects/Asynchronous_Activity_2/src/Act2/Cashier.java</file>
            <file>file:/Users/vincent/NetBeansProjects/Asynchronous_Activity_2/src/Act2/Engineering.java</file>
            <file>file:/Users/vincent/NetBeansProjects/Asynchronous_Activity_2/src/Act2/Technical_Support.java</file>
            <file>file:/Users/vincent/NetBeansProjects/Asynchronous_Activity_2/src/Act2/LoginFrame.java</file>
            <file>file:/Users/vincent/NetBeansProjects/Asynchronous_Activity_2/src/Act2/Administrator.java</file>
        </group>
    </open-files>
</project-private>
